timestamp,enemies_defeated,distance_traveled,survival_time,death_cause
Sun Apr 05 10:15:22 2026,18,7388,307.33,Bat
Sun Apr 05 14:40:05 2026,15,9457,366.29,Fall
Mon Apr 06 09:12:44 2026,9,11502,254.8,Bat
Mon Apr 06 18:30:12 2026,2,1026,349.34,Skeleton_Sword
Tue Apr 07 11:05:44 2026,16,3229,368.09,Skeleton_Bow
Wed Apr 08 16:18:29 2026,14,11435,400.71,Skeleton_Bow
Thu Apr 09 20:41:03 2026,31,833,106.14,Fall
Sat Apr 11 13:55:42 2026,16,6741,212.79,Skeleton_Bow
Sat Apr 11 19:22:18 2026,25,6443,135.67,Skeleton_Bow
Sun Apr 12 15:30:50 2026,34,7565,25.81,Bat
Mon Apr 13 08:44:12 2026,2,2540,168.22,Skeleton_Bow
Mon Apr 13 21:12:33 2026,20,6241,42.54,Skeleton_Bow
Tue Apr 14 17:05:01 2026,5,4485,213.59,Slime
Wed Apr 15 12:33:48 2026,24,11221,193.11,Slime
Thu Apr 16 19:50:22 2026,8,7936,288.64,Slime
Fri Apr 17 11:15:10 2026,13,1859,74.25,Fall
Sat Apr 18 14:22:37 2026,9,11176,152.02,Fall
Sun Apr 19 09:05:59 2026,31,5169,306.98,Skeleton_Bow
Sun Apr 19 16:30:14 2026,31,9273,151.84,Skeleton_Bow
Mon Apr 20 20:38:14 2026,29,10308,240.13,Bat
Tue Apr 21 16:44:02 2026,23,7687,421.7,Slime
Tue Apr 21 21:12:55 2026,9,2641,73.42,Fall
Wed Apr 22 18:25:33 2026,12,3907,343.17,Skeleton_Bow
Thu Apr 23 13:40:11 2026,4,8410,163.47,Fall
Thu Apr 23 21:55:08 2026,35,1300,112.4,Fall
Fri Apr 24 12:20:44 2026,6,6018,183.02,Skeleton_Bow
Fri Apr 24 15:33:51 2026,16,9671,79.51,Slime
Sat Apr 25 09:45:19 2026,18,3928,105.41,Slime
Sat Apr 25 14:22:40 2026,28,4541,152.97,Fall
Sat Apr 25 18:05:01 2026,34,5557,410.76,Skeleton_Bow
Sun Apr 26 11:30:12 2026,10,7470,284.76,Fall
Sun Apr 26 19:48:55 2026,28,9557,406.41,Bat
Mon Apr 27 10:12:33 2026,1,3119,99.24,Skeleton_Sword
Mon Apr 27 16:55:20 2026,10,7514,208.42,Bat
Tue Apr 28 09:30:44 2026,2,6737,440.06,Skeleton_Sword
Tue Apr 28 15:12:11 2026,4,1845,233.46,Skeleton_Sword
Tue Apr 28 21:44:59 2026,29,6947,421.58,Fall
Wed Apr 29 08:22:15 2026,29,4185,233.27,Skeleton_Bow
Wed Apr 29 12:40:33 2026,10,5253,188.81,Bat
Wed Apr 29 18:55:02 2026,18,9802,388.49,Skeleton_Sword
Thu Apr 30 07:12:18 2026,35,8363,447.71,Skeleton_Bow
Thu Apr 30 11:44:50 2026,5,8708,251.07,Fall
Thu Apr 30 16:33:22 2026,9,1257,216.15,Skeleton_Sword
Thu Apr 30 22:10:55 2026,27,5667,390.38,Bat
Fri May 01 06:22:41 2026,35,7141,150.42,Skeleton_Bow
Fri May 01 09:45:01 2026,33,9126,54.45,Skeleton_Sword
Fri May 01 12:33:14 2026,12,3707,311.49,Skeleton_Bow
Fri May 01 15:10:59 2026,3,8526,120.68,Skeleton_Sword
Fri May 01 18:22:33 2026,4,5955,186.43,Skeleton_Bow
Fri May 01 23:44:11 2026,22,4947,292.3,Slime
Sat May 02 07:15:02 2026,2,3223,245.23,Skeleton_Bow
Sat May 02 08:44:33 2026,11,7473,351.56,Slime
Sat May 02 10:12:55 2026,11,1760,99.34,Skeleton_Sword
Sat May 02 11:40:22 2026,5,1641,401.26,Fall
Sat May 02 13:10:51 2026,11,3641,359.62,Skeleton_Sword
Sat May 02 14:44:03 2026,8,8268,449.7,Slime
Sat May 02 16:22:44 2026,32,5193,262.38,Skeleton_Sword
Sat May 02 18:12:31 2026,33,10163,379.7,Fall
Sat May 02 20:05:59 2026,24,8280,219.66,Slime
Sat May 02 21:55:12 2026,0,2644,256.39,Fall
Sat May 02 23:44:33 2026,9,7177,202.62,Bat
Sun May 03 06:12:01 2026,4,5092,60.47,Skeleton_Sword
Sun May 03 07:44:32 2026,29,8544,390.98,Fall
Sun May 03 08:33:55 2026,17,2491,166.32,Skeleton_Sword
Sun May 03 09:22:11 2026,34,1329,308.7,Skeleton_Bow
Sun May 03 10:05:44 2026,15,3393,264.92,Skeleton_Bow
Sun May 03 11:12:33 2026,16,1242,437.04,Fall
Sun May 03 12:01:50 2026,21,10839,143.81,Bat
Sun May 03 12:44:22 2026,7,7281,138.97,Fall
Sun May 03 13:22:51 2026,2,6018,393.63,Skeleton_Bow
Sun May 03 14:10:44 2026,29,1671,222.41,Slime
Sun May 03 14:44:12 2026,5,2887,69.96,Slime
Sun May 03 15:22:03 2026,22,11310,388.23,Skeleton_Bow
Sun May 03 16:05:33 2026,29,11009,271.15,Fall
Sun May 03 16:44:51 2026,15,9767,318.8,Bat
Sun May 03 17:10:22 2026,14,11052,176.36,Fall
Sun May 03 17:33:55 2026,32,10546,184.38,Fall
Sun May 03 18:01:44 2026,9,5639,169.78,Skeleton_Sword
Sun May 03 18:22:11 2026,4,8279,31.51,Skeleton_Bow
Sun May 03 18:44:33 2026,24,2360,32.7,Fall
Sun May 03 19:10:55 2026,6,7721,97.26,Skeleton_Bow
Sun May 03 19:33:12 2026,35,4292,44.63,Bat
Sun May 03 19:55:01 2026,0,3658,164.12,Fall
Sun May 03 20:12:44 2026,9,6232,273.05,Skeleton_Sword
Sun May 03 20:33:33 2026,31,11492,262.22,Skeleton_Bow
Sun May 03 20:44:10 2026,20,2752,243.78,Slime
Sun May 03 21:01:55 2026,4,3671,23.85,Slime
Sun May 03 21:12:33 2026,16,3722,32.55,Slime
Sun May 03 21:22:44 2026,27,1372,399.54,Slime
Sun May 03 21:33:12 2026,19,6200,46.59,Skeleton_Sword
Sun May 03 21:44:50 2026,23,3382,172.97,Skeleton_Bow
Sun May 03 21:55:22 2026,26,2131,429.9,Fall
Sun May 03 22:01:44 2026,21,1418,379.42,Bat
Sun May 03 22:10:33 2026,34,3218,86.85,Skeleton_Sword
Sun May 03 22:18:11 2026,23,1595,345.08,Fall
Sun May 03 22:25:55 2026,13,9752,92.09,Skeleton_Sword
Sun May 03 22:33:14 2026,19,1868,195.19,Fall
Sun May 03 22:40:02 2026,34,11233,253.96,Fall
Sun May 03 22:44:33 2026,6,7011,34.55,Skeleton_Bow
Sun May 03 22:50:12 2026,20,8794,181.23,Skeleton_Bow
Sun May 03 22:55:44 2026,31,4425,413.76,Slime
Sun May 03 23:01:22 2026,23,6769,319.21,Fall
Mon May 04 10:15:22 2026,16,5602,144.43,Skeleton_Bow
Mon May 04 15:30:11 2026,34,2209,204.79,Fall
Tue May 05 11:12:44 2026,30,4823,218.83,Fall
Tue May 05 19:40:05 2026,32,7581,77.3,Slime
Wed May 06 09:22:11 2026,6,7649,353.11,Slime
Wed May 06 14:15:33 2026,2,8759,253.02,Fall
Wed May 06 18:44:59 2026,18,5388,32.47,Skeleton_Sword
Thu May 07 08:30:12 2026,21,5414,43.67,Slime
Thu May 07 13:15:22 2026,29,3353,64.89,Slime
Thu May 07 17:45:44 2026,16,3815,332.3,Slime
Fri May 08 07:15:44 2026,13,8786,346.14,Bat
Fri May 08 10:30:55 2026,11,4834,298.72,Slime
Fri May 08 12:12:12 2026,9,5062,415.83,Bat
Fri May 08 15:40:33 2026,3,801,143.65,Fall
Fri May 08 18:50:11 2026,7,4181,166.72,Skeleton_Bow
Fri May 08 20:33:22 2026,15,6495,382.47,Fall
Fri May 08 22:15:44 2026,7,8502,133.23,Bat
Fri May 08 23:58:59 2026,30,5005,263.36,Skeleton_Sword
